{"stats":{"minecraft:custom":{"minecraft:mob_kills":122,"minecraft:interact_with_crafting_table":3,"minecraft:open_barrel":187,"minecraft:leave_game":15,"minecraft:time_since_death":273068,"minecraft:climb_one_cm":427,"minecraft:sprint_one_cm":342369,"minecraft:damage_blocked_by_shield":3120,"minecraft:walk_one_cm":728550,"minecraft:drop":61,"minecraft:play_time":795634,"minecraft:deaths":26,"minecraft:sneak_time":25955,"minecraft:walk_under_water_one_cm":1915,"minecraft:jump":2675,"minecraft:interact_with_brewingstand":2,"minecraft:walk_on_water_one_cm":26711,"minecraft:total_world_time":1211045,"minecraft:pot_flower":8,"minecraft:time_since_rest":273101,"minecraft:damage_taken":7174,"minecraft:damage_absorbed":37,"minecraft:damage_dealt":19701,"minecraft:fly_one_cm":5641011,"minecraft:open_chest":5,"minecraft:crouch_one_cm":30067,"minecraft:fall_one_cm":16079},"minecraft:killed_by":{"minecraft:husk":5,"minecraft:zombie":13},"minecraft:dropped":{"minecraft:shelter_pottery_sherd":59,"minecraft:decorated_pot":10,"minecraft:lime_terracotta":1,"minecraft:command_block":8,"minecraft:rail":2,"minecraft:stone_button":1,"minecraft:smooth_sandstone_slab":1,"minecraft:dark_oak_planks":1,"minecraft:bone":1,"minecraft:redstone":3,"minecraft:player_head":1,"minecraft:netherite_sword":1,"minecraft:rotten_flesh":16,"minecraft:leather_chestplate":1,"minecraft:leather_boots":5,"minecraft:leather_leggings":4,"minecraft:redstone_torch":1,"minecraft:spruce_slab":1,"minecraft:stripped_warped_stem":1,"minecraft:chain_command_block":1},"minecraft:crafted":{"minecraft:decorated_pot":12},"minecraft:mined":{"minecraft:dark_oak_planks":9,"minecraft:spruce_planks":1,"minecraft:sea_lantern":1,"minecraft:mangrove_fence":9,"minecraft:moss_block":2,"minecraft:white_concrete_powder":3,"minecraft:white_wool":2,"minecraft:warped_wart_block":1,"minecraft:acacia_fence":3},"minecraft:killed":{"minecraft:husk":54,"minecraft:zombie":68},"minecraft:used":{"minecraft:orange_dye":1,"minecraft:oak_fence":47,"minecraft:moss_block":56,"minecraft:netherite_sword":180,"minecraft:red_sand":8,"minecraft:stone_sword":25,"minecraft:heavy_core":1,"minecraft:carved_pumpkin":1,"minecraft:polished_blackstone":16,"minecraft:red_sandstone_slab":68,"minecraft:spruce_slab":192,"minecraft:redstone":106,"minecraft:spruce_planks":283,"minecraft:shield":225,"minecraft:light_blue_terracotta":4,"minecraft:stripped_warped_stem":10,"minecraft:white_concrete_powder":20,"minecraft:decorated_pot":42,"minecraft:chest":7,"minecraft:tinted_glass":9,"minecraft:white_terracotta":69,"minecraft:stone":236,"minecraft:iron_sword":114,"minecraft:sculk":73,"minecraft:warped_sign":4,"minecraft:mangrove_fence":70,"minecraft:smooth_sandstone_stairs":1,"minecraft:player_head":10,"minecraft:mossy_stone_brick_slab":64,"minecraft:rotten_flesh":1,"minecraft:green_terracotta":17,"minecraft:stripped_crimson_stem":13,"minecraft:sculk_sensor":5,"minecraft:iron_chestplate":4,"minecraft:debug_stick":26,"minecraft:stick":1,"minecraft:chiseled_red_sandstone":3,"minecraft:anvil":1,"minecraft:brewing_stand":4,"minecraft:soul_sand":5,"minecraft:warped_wart_block":112,"minecraft:ancient_debris":60,"minecraft:breeze_rod":7,"minecraft:chainmail_chestplate":2,"minecraft:spruce_stairs":291,"minecraft:carrot":1,"minecraft:tuff":77,"minecraft:spruce_fence":47,"minecraft:stripped_spruce_log":185,"minecraft:obsidian":161,"minecraft:shroomlight":8,"minecraft:red_sandstone_stairs":5,"minecraft:dark_oak_planks":825,"minecraft:packed_ice":34,"minecraft:waxed_oxidized_copper":25,"minecraft:sea_lantern":37,"minecraft:flowering_azalea":1,"minecraft:cyan_terracotta":143,"minecraft:lava_bucket":1,"minecraft:bookshelf":120,"minecraft:quartz_pillar":10,"minecraft:iron_axe":58,"minecraft:spruce_wood":16,"minecraft:lantern":70,"minecraft:oak_stairs":22,"minecraft:spruce_button":4,"minecraft:smooth_sandstone":19,"minecraft:quartz_block":2,"minecraft:iron_helmet":3,"minecraft:dark_oak_slab":8,"minecraft:iron_boots":2,"minecraft:smooth_quartz":64,"minecraft:raw_gold_block":7,"minecraft:totem_of_undying":1,"minecraft:barrel":53,"minecraft:stone_bricks":497,"minecraft:smooth_basalt":697,"minecraft:item_frame":5,"minecraft:repeater":8,"minecraft:magma_block":143,"minecraft:red_carpet":33,"minecraft:tripwire_hook":17,"minecraft:basalt":39,"minecraft:golden_carrot":12,"minecraft:bow":13,"minecraft:scaffolding":188,"minecraft:soul_soil":179,"minecraft:yellow_glazed_terracotta":24,"minecraft:goat_horn":6,"minecraft:cooked_cod":25,"minecraft:podzol":3,"minecraft:acacia_fence":66,"minecraft:gold_block":10,"minecraft:pearlescent_froglight":10,"minecraft:iron_leggings":5,"minecraft:golden_axe":1,"minecraft:stripped_spruce_wood":76,"minecraft:pointed_dripstone":55,"minecraft:water_bucket":56,"minecraft:chiseled_bookshelf":7,"minecraft:mossy_stone_bricks":161,"minecraft:end_rod":6,"minecraft:leather_leggings":7,"minecraft:sandstone_stairs":12,"minecraft:stripped_acacia_log":36,"minecraft:dark_oak_hanging_sign":1,"minecraft:stripped_birch_log":6,"minecraft:powered_rail":28,"minecraft:polished_andesite":24,"minecraft:jungle_fence":49,"minecraft:oak_planks":67,"minecraft:smooth_sandstone_slab":48,"minecraft:ender_pearl":52,"minecraft:blackstone":583,"minecraft:leather_chestplate":5,"minecraft:mossy_stone_brick_stairs":48,"minecraft:emerald":25,"minecraft:sandstone":5,"minecraft:cut_sandstone":2,"minecraft:chainmail_helmet":1,"minecraft:redstone_block":30,"minecraft:spruce_sign":3,"minecraft:leather_boots":6,"minecraft:glow_ink_sac":2,"minecraft:spruce_fence_gate":23,"minecraft:calibrated_sculk_sensor":1,"minecraft:large_amethyst_bud":1,"minecraft:polished_blackstone_bricks":37,"minecraft:white_wool":344,"minecraft:mossy_cobblestone":55,"minecraft:blue_dye":1,"minecraft:stripped_dark_oak_log":1,"minecraft:lime_terracotta":13,"minecraft:rail":6,"minecraft:terracotta":93,"minecraft:tnt":8,"minecraft:oak_slab":25,"minecraft:crafting_table":2,"minecraft:smooth_red_sandstone":801,"minecraft:sculk_shrieker":4,"minecraft:ochre_froglight":5,"minecraft:smooth_red_sandstone_stairs":32,"minecraft:waxed_weathered_copper_grate":22,"minecraft:red_sandstone_wall":1,"minecraft:mushroom_stem":67,"minecraft:lightning_rod":18,"minecraft:cyan_stained_glass":24,"minecraft:spectral_arrow":19,"minecraft:birch_fence":31,"minecraft:redstone_torch":13,"minecraft:flower_pot":21,"minecraft:light":20,"minecraft:red_sandstone":147,"minecraft:black_concrete":268,"minecraft:mace":13,"minecraft:chiseled_sandstone":6,"minecraft:crying_obsidian":128,"minecraft:stripped_jungle_log":2,"minecraft:command_block":108,"minecraft:cracked_polished_blackstone_bricks":17,"minecraft:oak_button":7,"minecraft:stone_button":9,"minecraft:verdant_froglight":8,"minecraft:spruce_pressure_plate":20,"minecraft:leather_helmet":1,"minecraft:spruce_trapdoor":105,"minecraft:cut_red_sandstone":10,"minecraft:flowering_azalea_leaves":4,"minecraft:soul_lantern":8,"minecraft:stone_axe":13,"minecraft:nether_wart_block":92,"minecraft:smooth_red_sandstone_slab":62,"minecraft:chainmail_boots":1,"minecraft:stripped_oak_wood":3,"minecraft:andesite":21,"minecraft:sandstone_slab":10,"minecraft:chain_command_block":3,"minecraft:lapis_block":13,"minecraft:chain":281,"minecraft:polished_blackstone_button":2,"minecraft:chest_minecart":1,"minecraft:waxed_oxidized_copper_bulb":8,"minecraft:stripped_oak_log":40,"minecraft:white_concrete":236,"minecraft:husk_spawn_egg":15,"minecraft:waxed_copper_bulb":8},"minecraft:picked_up":{"minecraft:shelter_pottery_sherd":59,"minecraft:iron_chestplate":5,"minecraft:chainmail_boots":3,"minecraft:flower_pot":12,"minecraft:leather_leggings":129,"minecraft:shield":8,"minecraft:iron_axe":5,"minecraft:iron_leggings":5,"minecraft:netherite_sword":5,"minecraft:spruce_planks":1,"minecraft:redstone_torch":1,"minecraft:player_head":58,"minecraft:spruce_slab":1,"minecraft:iron_boots":5,"minecraft:acacia_fence":9,"minecraft:stone_button":2,"minecraft:pointed_dripstone":9,"minecraft:carrot":1,"minecraft:redstone":10,"minecraft:prismarine_crystals":15,"minecraft:dark_oak_planks":9,"minecraft:stone_sword":3,"minecraft:arrow":192,"minecraft:command_block":16,"minecraft:rotten_flesh":165,"minecraft:decorated_pot":12,"minecraft:totem_of_undying":3,"minecraft:white_wool":2,"minecraft:rail":15,"minecraft:leather_chestplate":125,"minecraft:golden_carrot":187,"minecraft:smooth_red_sandstone":1,"minecraft:potato":1,"minecraft:chainmail_chestplate":3,"minecraft:lantern":3,"minecraft:leather_boots":135,"minecraft:mangrove_fence":12,"minecraft:red_carpet":2,"minecraft:bone":1,"minecraft:bow":3,"minecraft:iron_ingot":2,"minecraft:powered_rail":6,"minecraft:iron_sword":6,"minecraft:flowering_azalea":1,"minecraft:scaffolding":988,"minecraft:warped_wart_block":1,"minecraft:lime_terracotta":1,"minecraft:white_concrete_powder":3,"minecraft:stone_axe":3,"minecraft:chainmail_leggings":3,"minecraft:iron_helmet":6,"minecraft:spruce_button":2,"minecraft:spruce_sign":1,"minecraft:chainmail_helmet":3,"minecraft:ender_pearl":64}},"DataVersion":3955}